[
{
  "model": "admin.logentry",
  "pk": 1,
  "fields": {
    "action_time": "2023-12-03T06:52:13.086Z",
    "user": 1,
    "content_type": 7,
    "object_id": "1",
    "object_repr": "Пончики",
    "action_flag": 1,
    "change_message": "[{\"added\": {}}]"
  }
},
{
  "model": "admin.logentry",
  "pk": 2,
  "fields": {
    "action_time": "2023-12-03T06:52:34.464Z",
    "user": 1,
    "content_type": 7,
    "object_id": "2",
    "object_repr": "Кексы",
    "action_flag": 1,
    "change_message": "[{\"added\": {}}]"
  }
},
{
  "model": "admin.logentry",
  "pk": 3,
  "fields": {
    "action_time": "2023-12-03T06:52:47.982Z",
    "user": 1,
    "content_type": 7,
    "object_id": "3",
    "object_repr": "Круассаны",
    "action_flag": 1,
    "change_message": "[{\"added\": {}}]"
  }
},
{
  "model": "admin.logentry",
  "pk": 4,
  "fields": {
    "action_time": "2023-12-03T06:53:00.334Z",
    "user": 1,
    "content_type": 7,
    "object_id": "4",
    "object_repr": "Печенье",
    "action_flag": 1,
    "change_message": "[{\"added\": {}}]"
  }
},
{
  "model": "admin.logentry",
  "pk": 5,
  "fields": {
    "action_time": "2023-12-03T06:53:28.593Z",
    "user": 1,
    "content_type": 7,
    "object_id": "5",
    "object_repr": "Крендели",
    "action_flag": 1,
    "change_message": "[{\"added\": {}}]"
  }
},
{
  "model": "admin.logentry",
  "pk": 6,
  "fields": {
    "action_time": "2023-12-03T06:53:38.206Z",
    "user": 1,
    "content_type": 7,
    "object_id": "6",
    "object_repr": "Хлеб",
    "action_flag": 1,
    "change_message": "[{\"added\": {}}]"
  }
},
{
  "model": "admin.logentry",
  "pk": 7,
  "fields": {
    "action_time": "2023-12-03T07:06:39.695Z",
    "user": 1,
    "content_type": 8,
    "object_id": "1",
    "object_repr": "Тесто",
    "action_flag": 1,
    "change_message": "[{\"added\": {}}]"
  }
},
{
  "model": "admin.logentry",
  "pk": 8,
  "fields": {
    "action_time": "2023-12-03T07:06:57.524Z",
    "user": 1,
    "content_type": 8,
    "object_id": "2",
    "object_repr": "Шоколадная начинка",
    "action_flag": 1,
    "change_message": "[{\"added\": {}}]"
  }
},
{
  "model": "admin.logentry",
  "pk": 9,
  "fields": {
    "action_time": "2023-12-03T07:07:07.444Z",
    "user": 1,
    "content_type": 8,
    "object_id": "3",
    "object_repr": "Шоколадная глазурь",
    "action_flag": 1,
    "change_message": "[{\"added\": {}}]"
  }
},
{
  "model": "admin.logentry",
  "pk": 10,
  "fields": {
    "action_time": "2023-12-03T07:07:27.778Z",
    "user": 1,
    "content_type": 8,
    "object_id": "4",
    "object_repr": "Тертое какао",
    "action_flag": 1,
    "change_message": "[{\"added\": {}}]"
  }
},
{
  "model": "admin.logentry",
  "pk": 11,
  "fields": {
    "action_time": "2023-12-03T07:07:36.179Z",
    "user": 1,
    "content_type": 9,
    "object_id": "1",
    "object_repr": "Шоколадный пончик",
    "action_flag": 1,
    "change_message": "[{\"added\": {}}]"
  }
},
{
  "model": "admin.logentry",
  "pk": 12,
  "fields": {
    "action_time": "2023-12-03T07:09:13.184Z",
    "user": 1,
    "content_type": 9,
    "object_id": "1",
    "object_repr": "Шоколадный пончик",
    "action_flag": 2,
    "change_message": "[{\"changed\": {\"fields\": [\"\\u0424\\u043e\\u0442\\u043e\"]}}]"
  }
},
{
  "model": "admin.logentry",
  "pk": 13,
  "fields": {
    "action_time": "2023-12-03T07:21:30.740Z",
    "user": 1,
    "content_type": 8,
    "object_id": "5",
    "object_repr": "Кокосовое масло",
    "action_flag": 1,
    "change_message": "[{\"added\": {}}]"
  }
},
{
  "model": "admin.logentry",
  "pk": 14,
  "fields": {
    "action_time": "2023-12-03T07:21:39.415Z",
    "user": 1,
    "content_type": 8,
    "object_id": "6",
    "object_repr": "Белый шоколад",
    "action_flag": 1,
    "change_message": "[{\"added\": {}}]"
  }
},
{
  "model": "admin.logentry",
  "pk": 15,
  "fields": {
    "action_time": "2023-12-03T07:21:43.224Z",
    "user": 1,
    "content_type": 8,
    "object_id": "7",
    "object_repr": "Карамель",
    "action_flag": 1,
    "change_message": "[{\"added\": {}}]"
  }
},
{
  "model": "admin.logentry",
  "pk": 16,
  "fields": {
    "action_time": "2023-12-03T07:21:45.605Z",
    "user": 1,
    "content_type": 9,
    "object_id": "2",
    "object_repr": "Карамельный пончик",
    "action_flag": 1,
    "change_message": "[{\"added\": {}}]"
  }
},
{
  "model": "admin.logentry",
  "pk": 17,
  "fields": {
    "action_time": "2023-12-03T07:27:22.612Z",
    "user": 1,
    "content_type": 8,
    "object_id": "8",
    "object_repr": "Кондитерская посыпка",
    "action_flag": 1,
    "change_message": "[{\"added\": {}}]"
  }
},
{
  "model": "admin.logentry",
  "pk": 18,
  "fields": {
    "action_time": "2023-12-03T07:27:53.193Z",
    "user": 1,
    "content_type": 8,
    "object_id": "9",
    "object_repr": "Клубничная начинка",
    "action_flag": 1,
    "change_message": "[{\"added\": {}}]"
  }
},
{
  "model": "admin.logentry",
  "pk": 19,
  "fields": {
    "action_time": "2023-12-03T07:28:20.174Z",
    "user": 1,
    "content_type": 8,
    "object_id": "10",
    "object_repr": "Глазурь",
    "action_flag": 1,
    "change_message": "[{\"added\": {}}]"
  }
},
{
  "model": "admin.logentry",
  "pk": 20,
  "fields": {
    "action_time": "2023-12-03T07:28:21.854Z",
    "user": 1,
    "content_type": 9,
    "object_id": "3",
    "object_repr": "Пончик с клубникой",
    "action_flag": 1,
    "change_message": "[{\"added\": {}}]"
  }
},
{
  "model": "admin.logentry",
  "pk": 21,
  "fields": {
    "action_time": "2023-12-03T07:28:34.308Z",
    "user": 1,
    "content_type": 9,
    "object_id": "2",
    "object_repr": "Карамельный пончик",
    "action_flag": 2,
    "change_message": "[{\"changed\": {\"fields\": [\"\\u0424\\u043e\\u0442\\u043e\", \"\\u0421\\u043e\\u0441\\u0442\\u0430\\u0432\"]}}]"
  }
},
{
  "model": "admin.logentry",
  "pk": 22,
  "fields": {
    "action_time": "2023-12-03T07:29:13.351Z",
    "user": 1,
    "content_type": 9,
    "object_id": "3",
    "object_repr": "Пончик с клубникой",
    "action_flag": 2,
    "change_message": "[{\"changed\": {\"fields\": [\"\\u0424\\u043e\\u0442\\u043e\"]}}]"
  }
},
{
  "model": "admin.logentry",
  "pk": 23,
  "fields": {
    "action_time": "2023-12-03T07:46:40.494Z",
    "user": 1,
    "content_type": 8,
    "object_id": "11",
    "object_repr": "Мятная начинка",
    "action_flag": 1,
    "change_message": "[{\"added\": {}}]"
  }
},
{
  "model": "admin.logentry",
  "pk": 24,
  "fields": {
    "action_time": "2023-12-03T07:46:42.116Z",
    "user": 1,
    "content_type": 9,
    "object_id": "4",
    "object_repr": "Мятный пончик",
    "action_flag": 1,
    "change_message": "[{\"added\": {}}]"
  }
},
{
  "model": "admin.logentry",
  "pk": 25,
  "fields": {
    "action_time": "2023-12-03T07:54:55.799Z",
    "user": 1,
    "content_type": 8,
    "object_id": "12",
    "object_repr": "Вишневая начинка",
    "action_flag": 1,
    "change_message": "[{\"added\": {}}]"
  }
},
{
  "model": "admin.logentry",
  "pk": 26,
  "fields": {
    "action_time": "2023-12-03T07:55:36.897Z",
    "user": 1,
    "content_type": 8,
    "object_id": "13",
    "object_repr": "Вишневый крем",
    "action_flag": 1,
    "change_message": "[{\"added\": {}}]"
  }
},
{
  "model": "admin.logentry",
  "pk": 27,
  "fields": {
    "action_time": "2023-12-03T07:55:52.219Z",
    "user": 1,
    "content_type": 8,
    "object_id": "14",
    "object_repr": "Маргарин",
    "action_flag": 1,
    "change_message": "[{\"added\": {}}]"
  }
},
{
  "model": "admin.logentry",
  "pk": 28,
  "fields": {
    "action_time": "2023-12-03T07:56:04.358Z",
    "user": 1,
    "content_type": 9,
    "object_id": "5",
    "object_repr": "Вишневый кекс",
    "action_flag": 1,
    "change_message": "[{\"added\": {}}]"
  }
},
{
  "model": "admin.logentry",
  "pk": 29,
  "fields": {
    "action_time": "2023-12-03T08:01:06.780Z",
    "user": 1,
    "content_type": 8,
    "object_id": "15",
    "object_repr": "Пекан",
    "action_flag": 1,
    "change_message": "[{\"added\": {}}]"
  }
},
{
  "model": "admin.logentry",
  "pk": 30,
  "fields": {
    "action_time": "2023-12-03T08:01:08.920Z",
    "user": 1,
    "content_type": 9,
    "object_id": "6",
    "object_repr": "Шоколадный кекс с пеканом",
    "action_flag": 1,
    "change_message": "[{\"added\": {}}]"
  }
},
{
  "model": "admin.logentry",
  "pk": 31,
  "fields": {
    "action_time": "2023-12-03T08:06:02.590Z",
    "user": 1,
    "content_type": 8,
    "object_id": "16",
    "object_repr": "Шоколадная посыпка",
    "action_flag": 1,
    "change_message": "[{\"added\": {}}]"
  }
},
{
  "model": "admin.logentry",
  "pk": 32,
  "fields": {
    "action_time": "2023-12-03T08:06:03.809Z",
    "user": 1,
    "content_type": 9,
    "object_id": "7",
    "object_repr": "Карамельный маффин",
    "action_flag": 1,
    "change_message": "[{\"added\": {}}]"
  }
},
{
  "model": "admin.logentry",
  "pk": 33,
  "fields": {
    "action_time": "2023-12-03T08:06:17.045Z",
    "user": 1,
    "content_type": 9,
    "object_id": "7",
    "object_repr": "Карамельный кекс",
    "action_flag": 2,
    "change_message": "[{\"changed\": {\"fields\": [\"\\u041d\\u0430\\u0437\\u0432\\u0430\\u043d\\u0438\\u0435\"]}}]"
  }
},
{
  "model": "admin.logentry",
  "pk": 34,
  "fields": {
    "action_time": "2023-12-03T08:11:19.662Z",
    "user": 1,
    "content_type": 8,
    "object_id": "17",
    "object_repr": "Голубика",
    "action_flag": 1,
    "change_message": "[{\"added\": {}}]"
  }
},
{
  "model": "admin.logentry",
  "pk": 35,
  "fields": {
    "action_time": "2023-12-03T08:11:23.969Z",
    "user": 1,
    "content_type": 8,
    "object_id": "18",
    "object_repr": "Лимонный сок",
    "action_flag": 1,
    "change_message": "[{\"added\": {}}]"
  }
},
{
  "model": "admin.logentry",
  "pk": 36,
  "fields": {
    "action_time": "2023-12-03T08:11:28.320Z",
    "user": 1,
    "content_type": 8,
    "object_id": "19",
    "object_repr": "Цедра лимона",
    "action_flag": 1,
    "change_message": "[{\"added\": {}}]"
  }
},
{
  "model": "admin.logentry",
  "pk": 37,
  "fields": {
    "action_time": "2023-12-03T08:11:31.152Z",
    "user": 1,
    "content_type": 9,
    "object_id": "8",
    "object_repr": "Лимонный кекс с голубикой",
    "action_flag": 1,
    "change_message": "[{\"added\": {}}]"
  }
},
{
  "model": "admin.logentry",
  "pk": 38,
  "fields": {
    "action_time": "2023-12-03T08:17:43.901Z",
    "user": 1,
    "content_type": 8,
    "object_id": "20",
    "object_repr": "Пшеничная мука",
    "action_flag": 1,
    "change_message": "[{\"added\": {}}]"
  }
},
{
  "model": "admin.logentry",
  "pk": 39,
  "fields": {
    "action_time": "2023-12-03T08:17:49.002Z",
    "user": 1,
    "content_type": 8,
    "object_id": "21",
    "object_repr": "Сливочное масло",
    "action_flag": 1,
    "change_message": "[{\"added\": {}}]"
  }
},
{
  "model": "admin.logentry",
  "pk": 40,
  "fields": {
    "action_time": "2023-12-03T08:18:01.341Z",
    "user": 1,
    "content_type": 8,
    "object_id": "22",
    "object_repr": "Кукурузный крахмал",
    "action_flag": 1,
    "change_message": "[{\"added\": {}}]"
  }
},
{
  "model": "admin.logentry",
  "pk": 41,
  "fields": {
    "action_time": "2023-12-03T08:18:09.690Z",
    "user": 1,
    "content_type": 8,
    "object_id": "23",
    "object_repr": "Сахар",
    "action_flag": 1,
    "change_message": "[{\"added\": {}}]"
  }
},
{
  "model": "admin.logentry",
  "pk": 42,
  "fields": {
    "action_time": "2023-12-03T08:18:23.130Z",
    "user": 1,
    "content_type": 8,
    "object_id": "24",
    "object_repr": "Малина замороженная",
    "action_flag": 1,
    "change_message": "[{\"added\": {}}]"
  }
},
{
  "model": "admin.logentry",
  "pk": 43,
  "fields": {
    "action_time": "2023-12-03T08:18:36.261Z",
    "user": 1,
    "content_type": 8,
    "object_id": "25",
    "object_repr": "Молоко пастеризованное",
    "action_flag": 1,
    "change_message": "[{\"added\": {}}]"
  }
},
{
  "model": "admin.logentry",
  "pk": 44,
  "fields": {
    "action_time": "2023-12-03T08:18:38.182Z",
    "user": 1,
    "content_type": 9,
    "object_id": "9",
    "object_repr": "Круассан с малиной",
    "action_flag": 1,
    "change_message": "[{\"added\": {}}]"
  }
},
{
  "model": "admin.logentry",
  "pk": 45,
  "fields": {
    "action_time": "2023-12-03T08:19:14.516Z",
    "user": 1,
    "content_type": 9,
    "object_id": "9",
    "object_repr": "Круассан с малиной",
    "action_flag": 2,
    "change_message": "[{\"changed\": {\"fields\": [\"\\u0424\\u043e\\u0442\\u043e\"]}}]"
  }
},
{
  "model": "admin.logentry",
  "pk": 46,
  "fields": {
    "action_time": "2023-12-03T08:23:49.092Z",
    "user": 1,
    "content_type": 8,
    "object_id": "26",
    "object_repr": "Дрожжи хлебопекарные",
    "action_flag": 1,
    "change_message": "[{\"added\": {}}]"
  }
},
{
  "model": "admin.logentry",
  "pk": 47,
  "fields": {
    "action_time": "2023-12-03T08:23:53.456Z",
    "user": 1,
    "content_type": 8,
    "object_id": "27",
    "object_repr": "Миндальная мука",
    "action_flag": 1,
    "change_message": "[{\"added\": {}}]"
  }
},
{
  "model": "admin.logentry",
  "pk": 48,
  "fields": {
    "action_time": "2023-12-03T08:24:01.214Z",
    "user": 1,
    "content_type": 8,
    "object_id": "28",
    "object_repr": "Миндальные лепестки",
    "action_flag": 1,
    "change_message": "[{\"added\": {}}]"
  }
},
{
  "model": "admin.logentry",
  "pk": 49,
  "fields": {
    "action_time": "2023-12-03T08:24:02.138Z",
    "user": 1,
    "content_type": 9,
    "object_id": "10",
    "object_repr": "Миндальный круассан",
    "action_flag": 1,
    "change_message": "[{\"added\": {}}]"
  }
},
{
  "model": "admin.logentry",
  "pk": 50,
  "fields": {
    "action_time": "2023-12-03T08:28:53.582Z",
    "user": 1,
    "content_type": 8,
    "object_id": "29",
    "object_repr": "Соль пищевая",
    "action_flag": 1,
    "change_message": "[{\"added\": {}}]"
  }
},
{
  "model": "admin.logentry",
  "pk": 51,
  "fields": {
    "action_time": "2023-12-03T08:28:55.425Z",
    "user": 1,
    "content_type": 9,
    "object_id": "11",
    "object_repr": "Классический круассан",
    "action_flag": 1,
    "change_message": "[{\"added\": {}}]"
  }
},
{
  "model": "admin.logentry",
  "pk": 52,
  "fields": {
    "action_time": "2023-12-03T08:33:45.580Z",
    "user": 1,
    "content_type": 8,
    "object_id": "30",
    "object_repr": "Шоколад",
    "action_flag": 1,
    "change_message": "[{\"added\": {}}]"
  }
},
{
  "model": "admin.logentry",
  "pk": 53,
  "fields": {
    "action_time": "2023-12-03T08:33:47.583Z",
    "user": 1,
    "content_type": 9,
    "object_id": "12",
    "object_repr": "Печенье с шоколадной крошкой",
    "action_flag": 1,
    "change_message": "[{\"added\": {}}]"
  }
},
{
  "model": "admin.logentry",
  "pk": 54,
  "fields": {
    "action_time": "2023-12-03T08:42:47.080Z",
    "user": 1,
    "content_type": 8,
    "object_id": "31",
    "object_repr": "Ядра ореха фисташки измельченные",
    "action_flag": 1,
    "change_message": "[{\"added\": {}}]"
  }
},
{
  "model": "admin.logentry",
  "pk": 55,
  "fields": {
    "action_time": "2023-12-03T08:42:53.025Z",
    "user": 1,
    "content_type": 9,
    "object_id": "13",
    "object_repr": "Фисташковое печенье",
    "action_flag": 1,
    "change_message": "[{\"added\": {}}]"
  }
},
{
  "model": "admin.logentry",
  "pk": 56,
  "fields": {
    "action_time": "2023-12-03T08:51:44.933Z",
    "user": 1,
    "content_type": 9,
    "object_id": "14",
    "object_repr": "Печенье с вишней в шоколадной глазури",
    "action_flag": 1,
    "change_message": "[{\"added\": {}}]"
  }
},
{
  "model": "admin.logentry",
  "pk": 57,
  "fields": {
    "action_time": "2023-12-03T08:54:39.611Z",
    "user": 1,
    "content_type": 9,
    "object_id": "14",
    "object_repr": "Печенье с вишней в шоколадной глазури",
    "action_flag": 2,
    "change_message": "[]"
  }
},
{
  "model": "admin.logentry",
  "pk": 58,
  "fields": {
    "action_time": "2023-12-03T08:58:15.128Z",
    "user": 1,
    "content_type": 8,
    "object_id": "32",
    "object_repr": "Соль морская",
    "action_flag": 1,
    "change_message": "[{\"added\": {}}]"
  }
},
{
  "model": "admin.logentry",
  "pk": 59,
  "fields": {
    "action_time": "2023-12-03T08:58:18.272Z",
    "user": 1,
    "content_type": 9,
    "object_id": "15",
    "object_repr": "Крендель с морской солью",
    "action_flag": 1,
    "change_message": "[{\"added\": {}}]"
  }
},
{
  "model": "admin.logentry",
  "pk": 60,
  "fields": {
    "action_time": "2023-12-06T16:34:01.202Z",
    "user": 1,
    "content_type": 9,
    "object_id": "1",
    "object_repr": "Шоколадный пончик",
    "action_flag": 2,
    "change_message": "[{\"changed\": {\"fields\": [\"\\u0424\\u043e\\u0442\\u043e\"]}}]"
  }
},
{
  "model": "admin.logentry",
  "pk": 61,
  "fields": {
    "action_time": "2023-12-06T16:34:25.140Z",
    "user": 1,
    "content_type": 9,
    "object_id": "1",
    "object_repr": "Шоколадный пончик",
    "action_flag": 2,
    "change_message": "[{\"changed\": {\"fields\": [\"\\u0424\\u043e\\u0442\\u043e\"]}}]"
  }
},
{
  "model": "admin.logentry",
  "pk": 62,
  "fields": {
    "action_time": "2023-12-06T16:34:45.014Z",
    "user": 1,
    "content_type": 9,
    "object_id": "1",
    "object_repr": "Шоколадный пончик",
    "action_flag": 2,
    "change_message": "[{\"changed\": {\"fields\": [\"\\u0424\\u043e\\u0442\\u043e\"]}}]"
  }
},
{
  "model": "admin.logentry",
  "pk": 63,
  "fields": {
    "action_time": "2023-12-06T16:36:33.661Z",
    "user": 1,
    "content_type": 9,
    "object_id": "2",
    "object_repr": "Карамельный пончик",
    "action_flag": 2,
    "change_message": "[{\"changed\": {\"fields\": [\"\\u0424\\u043e\\u0442\\u043e\"]}}]"
  }
},
{
  "model": "admin.logentry",
  "pk": 64,
  "fields": {
    "action_time": "2023-12-06T16:38:57.156Z",
    "user": 1,
    "content_type": 9,
    "object_id": "2",
    "object_repr": "Карамельный пончик",
    "action_flag": 2,
    "change_message": "[{\"changed\": {\"fields\": [\"\\u0424\\u043e\\u0442\\u043e\"]}}]"
  }
},
{
  "model": "admin.logentry",
  "pk": 65,
  "fields": {
    "action_time": "2023-12-06T16:40:14.482Z",
    "user": 1,
    "content_type": 9,
    "object_id": "2",
    "object_repr": "Карамельный пончик",
    "action_flag": 2,
    "change_message": "[{\"changed\": {\"fields\": [\"\\u0424\\u043e\\u0442\\u043e\"]}}]"
  }
},
{
  "model": "admin.logentry",
  "pk": 66,
  "fields": {
    "action_time": "2023-12-06T16:41:34.614Z",
    "user": 1,
    "content_type": 9,
    "object_id": "1",
    "object_repr": "Шоколадный пончик",
    "action_flag": 2,
    "change_message": "[{\"changed\": {\"fields\": [\"\\u0424\\u043e\\u0442\\u043e\"]}}]"
  }
},
{
  "model": "admin.logentry",
  "pk": 67,
  "fields": {
    "action_time": "2023-12-06T16:43:27.429Z",
    "user": 1,
    "content_type": 9,
    "object_id": "1",
    "object_repr": "Шоколадный пончик",
    "action_flag": 2,
    "change_message": "[{\"changed\": {\"fields\": [\"\\u0424\\u043e\\u0442\\u043e\"]}}]"
  }
},
{
  "model": "admin.logentry",
  "pk": 68,
  "fields": {
    "action_time": "2023-12-06T16:44:20.422Z",
    "user": 1,
    "content_type": 9,
    "object_id": "1",
    "object_repr": "Шоколадный пончик",
    "action_flag": 2,
    "change_message": "[{\"changed\": {\"fields\": [\"\\u0424\\u043e\\u0442\\u043e\"]}}]"
  }
},
{
  "model": "admin.logentry",
  "pk": 69,
  "fields": {
    "action_time": "2023-12-06T16:47:42.211Z",
    "user": 1,
    "content_type": 9,
    "object_id": "3",
    "object_repr": "Пончик с клубникой",
    "action_flag": 2,
    "change_message": "[{\"changed\": {\"fields\": [\"\\u0424\\u043e\\u0442\\u043e\"]}}]"
  }
},
{
  "model": "admin.logentry",
  "pk": 70,
  "fields": {
    "action_time": "2023-12-06T16:49:16.903Z",
    "user": 1,
    "content_type": 9,
    "object_id": "3",
    "object_repr": "Пончик с клубникой",
    "action_flag": 2,
    "change_message": "[{\"changed\": {\"fields\": [\"\\u0424\\u043e\\u0442\\u043e\"]}}]"
  }
},
{
  "model": "admin.logentry",
  "pk": 71,
  "fields": {
    "action_time": "2023-12-06T16:51:55.677Z",
    "user": 1,
    "content_type": 9,
    "object_id": "4",
    "object_repr": "Банановый пончик",
    "action_flag": 2,
    "change_message": "[{\"changed\": {\"fields\": [\"\\u041d\\u0430\\u0437\\u0432\\u0430\\u043d\\u0438\\u0435\", \"\\u041e\\u043f\\u0438\\u0441\\u0430\\u043d\\u0438\\u0435\", \"\\u0424\\u043e\\u0442\\u043e\"]}}]"
  }
},
{
  "model": "admin.logentry",
  "pk": 72,
  "fields": {
    "action_time": "2023-12-06T16:52:25.505Z",
    "user": 1,
    "content_type": 9,
    "object_id": "4",
    "object_repr": "Банановый пончик",
    "action_flag": 2,
    "change_message": "[{\"changed\": {\"fields\": [\"\\u0424\\u043e\\u0442\\u043e\"]}}]"
  }
},
{
  "model": "admin.logentry",
  "pk": 73,
  "fields": {
    "action_time": "2023-12-06T16:54:31.495Z",
    "user": 1,
    "content_type": 9,
    "object_id": "5",
    "object_repr": "Вишневый кекс",
    "action_flag": 2,
    "change_message": "[{\"changed\": {\"fields\": [\"\\u0424\\u043e\\u0442\\u043e\"]}}]"
  }
},
{
  "model": "admin.logentry",
  "pk": 74,
  "fields": {
    "action_time": "2023-12-06T16:55:22.043Z",
    "user": 1,
    "content_type": 9,
    "object_id": "5",
    "object_repr": "Вишневый кекс",
    "action_flag": 2,
    "change_message": "[{\"changed\": {\"fields\": [\"\\u0424\\u043e\\u0442\\u043e\"]}}]"
  }
},
{
  "model": "admin.logentry",
  "pk": 75,
  "fields": {
    "action_time": "2023-12-06T16:55:33.359Z",
    "user": 1,
    "content_type": 9,
    "object_id": "6",
    "object_repr": "Шоколадный кекс с пеканом",
    "action_flag": 2,
    "change_message": "[{\"changed\": {\"fields\": [\"\\u0424\\u043e\\u0442\\u043e\"]}}]"
  }
},
{
  "model": "admin.logentry",
  "pk": 76,
  "fields": {
    "action_time": "2023-12-06T16:57:06.729Z",
    "user": 1,
    "content_type": 9,
    "object_id": "7",
    "object_repr": "Карамельный кекс",
    "action_flag": 2,
    "change_message": "[{\"changed\": {\"fields\": [\"\\u0424\\u043e\\u0442\\u043e\"]}}]"
  }
},
{
  "model": "admin.logentry",
  "pk": 77,
  "fields": {
    "action_time": "2023-12-06T16:57:40.829Z",
    "user": 1,
    "content_type": 9,
    "object_id": "8",
    "object_repr": "Лимонный кекс с голубикой",
    "action_flag": 2,
    "change_message": "[{\"changed\": {\"fields\": [\"\\u0424\\u043e\\u0442\\u043e\"]}}]"
  }
},
{
  "model": "admin.logentry",
  "pk": 78,
  "fields": {
    "action_time": "2023-12-06T16:58:22.319Z",
    "user": 1,
    "content_type": 9,
    "object_id": "7",
    "object_repr": "Шоколадно-карамельный кекс",
    "action_flag": 2,
    "change_message": "[{\"changed\": {\"fields\": [\"\\u041d\\u0430\\u0437\\u0432\\u0430\\u043d\\u0438\\u0435\", \"\\u0424\\u043e\\u0442\\u043e\"]}}]"
  }
},
{
  "model": "admin.logentry",
  "pk": 79,
  "fields": {
    "action_time": "2023-12-06T17:02:25.140Z",
    "user": 1,
    "content_type": 9,
    "object_id": "9",
    "object_repr": "Круассан с малиной",
    "action_flag": 2,
    "change_message": "[{\"changed\": {\"fields\": [\"\\u0424\\u043e\\u0442\\u043e\"]}}]"
  }
},
{
  "model": "admin.logentry",
  "pk": 80,
  "fields": {
    "action_time": "2023-12-06T17:02:31.192Z",
    "user": 1,
    "content_type": 9,
    "object_id": "10",
    "object_repr": "Миндальный круассан",
    "action_flag": 2,
    "change_message": "[{\"changed\": {\"fields\": [\"\\u0424\\u043e\\u0442\\u043e\"]}}]"
  }
},
{
  "model": "admin.logentry",
  "pk": 81,
  "fields": {
    "action_time": "2023-12-06T17:04:13.892Z",
    "user": 1,
    "content_type": 9,
    "object_id": "11",
    "object_repr": "Круассан с шоколадом",
    "action_flag": 2,
    "change_message": "[{\"changed\": {\"fields\": [\"\\u041d\\u0430\\u0437\\u0432\\u0430\\u043d\\u0438\\u0435\", \"\\u0424\\u043e\\u0442\\u043e\"]}}]"
  }
},
{
  "model": "admin.logentry",
  "pk": 82,
  "fields": {
    "action_time": "2023-12-06T17:04:25.076Z",
    "user": 1,
    "content_type": 9,
    "object_id": "12",
    "object_repr": "Печенье с шоколадной крошкой",
    "action_flag": 2,
    "change_message": "[{\"changed\": {\"fields\": [\"\\u0424\\u043e\\u0442\\u043e\"]}}]"
  }
},
{
  "model": "admin.logentry",
  "pk": 83,
  "fields": {
    "action_time": "2023-12-06T17:04:38.674Z",
    "user": 1,
    "content_type": 9,
    "object_id": "12",
    "object_repr": "Печенье с кусочками шоколада",
    "action_flag": 2,
    "change_message": "[{\"changed\": {\"fields\": [\"\\u041d\\u0430\\u0437\\u0432\\u0430\\u043d\\u0438\\u0435\"]}}]"
  }
},
{
  "model": "admin.logentry",
  "pk": 84,
  "fields": {
    "action_time": "2023-12-06T17:06:55.627Z",
    "user": 1,
    "content_type": 9,
    "object_id": "14",
    "object_repr": "Печенье с вишней в шоколадной глазури",
    "action_flag": 2,
    "change_message": "[{\"changed\": {\"fields\": [\"\\u0424\\u043e\\u0442\\u043e\"]}}]"
  }
},
{
  "model": "admin.logentry",
  "pk": 85,
  "fields": {
    "action_time": "2023-12-06T17:07:32.464Z",
    "user": 1,
    "content_type": 9,
    "object_id": "13",
    "object_repr": "Фисташковое печенье",
    "action_flag": 2,
    "change_message": "[{\"changed\": {\"fields\": [\"\\u0424\\u043e\\u0442\\u043e\"]}}]"
  }
},
{
  "model": "admin.logentry",
  "pk": 86,
  "fields": {
    "action_time": "2023-12-06T17:08:50.448Z",
    "user": 1,
    "content_type": 9,
    "object_id": "15",
    "object_repr": "Крендель с морской солью",
    "action_flag": 2,
    "change_message": "[{\"changed\": {\"fields\": [\"\\u0424\\u043e\\u0442\\u043e\"]}}]"
  }
},
{
  "model": "admin.logentry",
  "pk": 87,
  "fields": {
    "action_time": "2023-12-06T17:27:53.668Z",
    "user": 1,
    "content_type": 8,
    "object_id": "33",
    "object_repr": "Семена кунжута",
    "action_flag": 1,
    "change_message": "[{\"added\": {}}]"
  }
},
{
  "model": "admin.logentry",
  "pk": 88,
  "fields": {
    "action_time": "2023-12-06T17:27:55.111Z",
    "user": 1,
    "content_type": 9,
    "object_id": "16",
    "object_repr": "Брецель с кунжутом",
    "action_flag": 1,
    "change_message": "[{\"added\": {}}]"
  }
},
{
  "model": "admin.logentry",
  "pk": 89,
  "fields": {
    "action_time": "2023-12-07T16:59:43.321Z",
    "user": 1,
    "content_type": 9,
    "object_id": "17",
    "object_repr": "Сладкий крендель",
    "action_flag": 1,
    "change_message": "[{\"added\": {}}]"
  }
},
{
  "model": "admin.logentry",
  "pk": 90,
  "fields": {
    "action_time": "2023-12-07T17:06:56.006Z",
    "user": 1,
    "content_type": 8,
    "object_id": "34",
    "object_repr": "Цельнозерновая мука",
    "action_flag": 1,
    "change_message": "[{\"added\": {}}]"
  }
},
{
  "model": "admin.logentry",
  "pk": 91,
  "fields": {
    "action_time": "2023-12-07T17:07:08.396Z",
    "user": 1,
    "content_type": 8,
    "object_id": "35",
    "object_repr": "Пшеничные отруби",
    "action_flag": 1,
    "change_message": "[{\"added\": {}}]"
  }
},
{
  "model": "admin.logentry",
  "pk": 92,
  "fields": {
    "action_time": "2023-12-07T17:07:33.142Z",
    "user": 1,
    "content_type": 8,
    "object_id": "36",
    "object_repr": "Закваска (цельнозерновая мука, вода)",
    "action_flag": 1,
    "change_message": "[{\"added\": {}}]"
  }
},
{
  "model": "admin.logentry",
  "pk": 93,
  "fields": {
    "action_time": "2023-12-07T17:07:38.567Z",
    "user": 1,
    "content_type": 9,
    "object_id": "18",
    "object_repr": "Цельнозерновой хлеб",
    "action_flag": 1,
    "change_message": "[{\"added\": {}}]"
  }
},
{
  "model": "admin.logentry",
  "pk": 94,
  "fields": {
    "action_time": "2023-12-07T17:12:02.790Z",
    "user": 1,
    "content_type": 8,
    "object_id": "37",
    "object_repr": "Опара пшеничная",
    "action_flag": 1,
    "change_message": "[{\"added\": {}}]"
  }
},
{
  "model": "admin.logentry",
  "pk": 95,
  "fields": {
    "action_time": "2023-12-07T17:12:10.045Z",
    "user": 1,
    "content_type": 9,
    "object_id": "19",
    "object_repr": "Багет",
    "action_flag": 1,
    "change_message": "[{\"added\": {}}]"
  }
},
{
  "model": "admin.logentry",
  "pk": 96,
  "fields": {
    "action_time": "2023-12-07T17:18:25.396Z",
    "user": 1,
    "content_type": 8,
    "object_id": "38",
    "object_repr": "Крупа кукурузная",
    "action_flag": 1,
    "change_message": "[{\"added\": {}}]"
  }
},
{
  "model": "admin.logentry",
  "pk": 97,
  "fields": {
    "action_time": "2023-12-07T17:18:49.131Z",
    "user": 1,
    "content_type": 9,
    "object_id": "20",
    "object_repr": "Кукурузный хлеб",
    "action_flag": 1,
    "change_message": "[{\"added\": {}}]"
  }
},
{
  "model": "admin.logentry",
  "pk": 98,
  "fields": {
    "action_time": "2023-12-07T17:24:05.690Z",
    "user": 1,
    "content_type": 8,
    "object_id": "39",
    "object_repr": "Подсолнечное масло",
    "action_flag": 1,
    "change_message": "[{\"added\": {}}]"
  }
},
{
  "model": "admin.logentry",
  "pk": 99,
  "fields": {
    "action_time": "2023-12-07T17:24:10.078Z",
    "user": 1,
    "content_type": 9,
    "object_id": "21",
    "object_repr": "Белый хлеб",
    "action_flag": 1,
    "change_message": "[{\"added\": {}}]"
  }
},
{
  "model": "admin.logentry",
  "pk": 100,
  "fields": {
    "action_time": "2023-12-13T18:20:36.443Z",
    "user": 1,
    "content_type": 9,
    "object_id": "21",
    "object_repr": "Белый хлеб",
    "action_flag": 2,
    "change_message": "[]"
  }
},
{
  "model": "admin.logentry",
  "pk": 101,
  "fields": {
    "action_time": "2023-12-13T18:22:16.303Z",
    "user": 1,
    "content_type": 9,
    "object_id": "1",
    "object_repr": "Шоколадный пончик",
    "action_flag": 2,
    "change_message": "[{\"changed\": {\"fields\": [\"\\u041e\\u043f\\u0438\\u0441\\u0430\\u043d\\u0438\\u0435\"]}}]"
  }
},
{
  "model": "admin.logentry",
  "pk": 102,
  "fields": {
    "action_time": "2023-12-13T18:25:30.246Z",
    "user": 1,
    "content_type": 9,
    "object_id": "2",
    "object_repr": "Карамельный пончик",
    "action_flag": 2,
    "change_message": "[{\"changed\": {\"fields\": [\"\\u041e\\u043f\\u0438\\u0441\\u0430\\u043d\\u0438\\u0435\"]}}]"
  }
},
{
  "model": "admin.logentry",
  "pk": 103,
  "fields": {
    "action_time": "2023-12-13T18:29:10.138Z",
    "user": 1,
    "content_type": 9,
    "object_id": "3",
    "object_repr": "Пончик с клубникой",
    "action_flag": 2,
    "change_message": "[{\"changed\": {\"fields\": [\"\\u041e\\u043f\\u0438\\u0441\\u0430\\u043d\\u0438\\u0435\"]}}]"
  }
},
{
  "model": "admin.logentry",
  "pk": 104,
  "fields": {
    "action_time": "2023-12-13T18:30:23.131Z",
    "user": 1,
    "content_type": 9,
    "object_id": "3",
    "object_repr": "Пончик с клубникой",
    "action_flag": 2,
    "change_message": "[{\"changed\": {\"fields\": [\"\\u041e\\u043f\\u0438\\u0441\\u0430\\u043d\\u0438\\u0435\"]}}]"
  }
},
{
  "model": "admin.logentry",
  "pk": 105,
  "fields": {
    "action_time": "2023-12-13T18:30:47.302Z",
    "user": 1,
    "content_type": 9,
    "object_id": "2",
    "object_repr": "Карамельный пончик",
    "action_flag": 2,
    "change_message": "[{\"changed\": {\"fields\": [\"\\u041e\\u043f\\u0438\\u0441\\u0430\\u043d\\u0438\\u0435\"]}}]"
  }
},
{
  "model": "admin.logentry",
  "pk": 106,
  "fields": {
    "action_time": "2023-12-13T18:33:27.675Z",
    "user": 1,
    "content_type": 8,
    "object_id": "40",
    "object_repr": "Банановая начинка",
    "action_flag": 1,
    "change_message": "[{\"added\": {}}]"
  }
},
{
  "model": "admin.logentry",
  "pk": 107,
  "fields": {
    "action_time": "2023-12-13T18:33:32.200Z",
    "user": 1,
    "content_type": 9,
    "object_id": "4",
    "object_repr": "Банановый пончик",
    "action_flag": 2,
    "change_message": "[{\"changed\": {\"fields\": [\"\\u041e\\u043f\\u0438\\u0441\\u0430\\u043d\\u0438\\u0435\", \"\\u0421\\u043e\\u0441\\u0442\\u0430\\u0432\"]}}]"
  }
},
{
  "model": "admin.logentry",
  "pk": 108,
  "fields": {
    "action_time": "2023-12-13T18:34:18.084Z",
    "user": 1,
    "content_type": 9,
    "object_id": "4",
    "object_repr": "Банановый пончик",
    "action_flag": 2,
    "change_message": "[{\"changed\": {\"fields\": [\"\\u041e\\u043f\\u0438\\u0441\\u0430\\u043d\\u0438\\u0435\"]}}]"
  }
},
{
  "model": "admin.logentry",
  "pk": 109,
  "fields": {
    "action_time": "2023-12-13T18:37:04.050Z",
    "user": 1,
    "content_type": 9,
    "object_id": "5",
    "object_repr": "Вишневый кекс",
    "action_flag": 2,
    "change_message": "[{\"changed\": {\"fields\": [\"\\u041e\\u043f\\u0438\\u0441\\u0430\\u043d\\u0438\\u0435\", \"\\u0421\\u043e\\u0441\\u0442\\u0430\\u0432\"]}}]"
  }
},
{
  "model": "admin.logentry",
  "pk": 110,
  "fields": {
    "action_time": "2023-12-13T18:39:26.564Z",
    "user": 1,
    "content_type": 9,
    "object_id": "6",
    "object_repr": "Шоколадный кекс с пеканом",
    "action_flag": 2,
    "change_message": "[{\"changed\": {\"fields\": [\"\\u041e\\u043f\\u0438\\u0441\\u0430\\u043d\\u0438\\u0435\"]}}]"
  }
},
{
  "model": "admin.logentry",
  "pk": 111,
  "fields": {
    "action_time": "2023-12-13T18:42:01.946Z",
    "user": 1,
    "content_type": 9,
    "object_id": "7",
    "object_repr": "Шоколадно-карамельный кекс",
    "action_flag": 2,
    "change_message": "[{\"changed\": {\"fields\": [\"\\u041e\\u043f\\u0438\\u0441\\u0430\\u043d\\u0438\\u0435\", \"\\u0421\\u043e\\u0441\\u0442\\u0430\\u0432\"]}}]"
  }
},
{
  "model": "admin.logentry",
  "pk": 112,
  "fields": {
    "action_time": "2023-12-13T18:42:41.066Z",
    "user": 1,
    "content_type": 9,
    "object_id": "7",
    "object_repr": "Шоколадно-карамельный кекс",
    "action_flag": 2,
    "change_message": "[{\"changed\": {\"fields\": [\"\\u041e\\u043f\\u0438\\u0441\\u0430\\u043d\\u0438\\u0435\", \"\\u0421\\u043e\\u0441\\u0442\\u0430\\u0432\"]}}]"
  }
},
{
  "model": "admin.logentry",
  "pk": 113,
  "fields": {
    "action_time": "2023-12-13T18:44:26.094Z",
    "user": 1,
    "content_type": 9,
    "object_id": "8",
    "object_repr": "Лимонный кекс с голубикой",
    "action_flag": 2,
    "change_message": "[{\"changed\": {\"fields\": [\"\\u041e\\u043f\\u0438\\u0441\\u0430\\u043d\\u0438\\u0435\"]}}]"
  }
},
{
  "model": "admin.logentry",
  "pk": 114,
  "fields": {
    "action_time": "2023-12-13T18:46:31.452Z",
    "user": 1,
    "content_type": 9,
    "object_id": "9",
    "object_repr": "Круассан с малиной",
    "action_flag": 2,
    "change_message": "[{\"changed\": {\"fields\": [\"\\u041e\\u043f\\u0438\\u0441\\u0430\\u043d\\u0438\\u0435\"]}}]"
  }
},
{
  "model": "admin.logentry",
  "pk": 115,
  "fields": {
    "action_time": "2023-12-13T18:48:34.581Z",
    "user": 1,
    "content_type": 9,
    "object_id": "10",
    "object_repr": "Миндальный круассан",
    "action_flag": 2,
    "change_message": "[{\"changed\": {\"fields\": [\"\\u041e\\u043f\\u0438\\u0441\\u0430\\u043d\\u0438\\u0435\"]}}]"
  }
},
{
  "model": "admin.logentry",
  "pk": 116,
  "fields": {
    "action_time": "2023-12-13T18:52:21.993Z",
    "user": 1,
    "content_type": 9,
    "object_id": "11",
    "object_repr": "Круассан с шоколадом",
    "action_flag": 2,
    "change_message": "[{\"changed\": {\"fields\": [\"\\u041e\\u043f\\u0438\\u0441\\u0430\\u043d\\u0438\\u0435\", \"\\u0421\\u043e\\u0441\\u0442\\u0430\\u0432\"]}}]"
  }
},
{
  "model": "admin.logentry",
  "pk": 117,
  "fields": {
    "action_time": "2023-12-13T18:54:17.885Z",
    "user": 1,
    "content_type": 9,
    "object_id": "12",
    "object_repr": "Печенье с кусочками шоколада",
    "action_flag": 2,
    "change_message": "[{\"changed\": {\"fields\": [\"\\u041e\\u043f\\u0438\\u0441\\u0430\\u043d\\u0438\\u0435\"]}}]"
  }
},
{
  "model": "admin.logentry",
  "pk": 118,
  "fields": {
    "action_time": "2023-12-13T18:56:35.896Z",
    "user": 1,
    "content_type": 9,
    "object_id": "13",
    "object_repr": "Фисташковое печенье",
    "action_flag": 2,
    "change_message": "[{\"changed\": {\"fields\": [\"\\u041e\\u043f\\u0438\\u0441\\u0430\\u043d\\u0438\\u0435\"]}}]"
  }
},
{
  "model": "admin.logentry",
  "pk": 119,
  "fields": {
    "action_time": "2023-12-13T18:58:44.235Z",
    "user": 1,
    "content_type": 9,
    "object_id": "14",
    "object_repr": "Печенье с вишней в шоколадной глазури",
    "action_flag": 2,
    "change_message": "[{\"changed\": {\"fields\": [\"\\u041e\\u043f\\u0438\\u0441\\u0430\\u043d\\u0438\\u0435\"]}}]"
  }
},
{
  "model": "admin.logentry",
  "pk": 120,
  "fields": {
    "action_time": "2023-12-13T19:00:17.623Z",
    "user": 1,
    "content_type": 9,
    "object_id": "15",
    "object_repr": "Крендель с морской солью",
    "action_flag": 2,
    "change_message": "[{\"changed\": {\"fields\": [\"\\u041e\\u043f\\u0438\\u0441\\u0430\\u043d\\u0438\\u0435\"]}}]"
  }
},
{
  "model": "admin.logentry",
  "pk": 121,
  "fields": {
    "action_time": "2023-12-13T19:03:00.696Z",
    "user": 1,
    "content_type": 9,
    "object_id": "1",
    "object_repr": "Шоколадный пончик",
    "action_flag": 2,
    "change_message": "[{\"changed\": {\"fields\": [\"\\u0424\\u043e\\u0442\\u043e\"]}}]"
  }
},
{
  "model": "admin.logentry",
  "pk": 122,
  "fields": {
    "action_time": "2023-12-13T19:03:18.587Z",
    "user": 1,
    "content_type": 9,
    "object_id": "2",
    "object_repr": "Карамельный пончик",
    "action_flag": 2,
    "change_message": "[{\"changed\": {\"fields\": [\"\\u0424\\u043e\\u0442\\u043e\"]}}]"
  }
},
{
  "model": "admin.logentry",
  "pk": 123,
  "fields": {
    "action_time": "2023-12-13T19:03:35.416Z",
    "user": 1,
    "content_type": 9,
    "object_id": "3",
    "object_repr": "Пончик с клубникой",
    "action_flag": 2,
    "change_message": "[{\"changed\": {\"fields\": [\"\\u0424\\u043e\\u0442\\u043e\"]}}]"
  }
},
{
  "model": "admin.logentry",
  "pk": 124,
  "fields": {
    "action_time": "2023-12-13T19:04:27.577Z",
    "user": 1,
    "content_type": 9,
    "object_id": "4",
    "object_repr": "Банановый пончик",
    "action_flag": 2,
    "change_message": "[{\"changed\": {\"fields\": [\"\\u041e\\u043f\\u0438\\u0441\\u0430\\u043d\\u0438\\u0435\", \"\\u0424\\u043e\\u0442\\u043e\"]}}]"
  }
},
{
  "model": "admin.logentry",
  "pk": 125,
  "fields": {
    "action_time": "2023-12-13T19:05:23.066Z",
    "user": 1,
    "content_type": 9,
    "object_id": "14",
    "object_repr": "Печенье с вишней в шоколаде",
    "action_flag": 2,
    "change_message": "[{\"changed\": {\"fields\": [\"\\u041d\\u0430\\u0437\\u0432\\u0430\\u043d\\u0438\\u0435\"]}}]"
  }
},
{
  "model": "admin.logentry",
  "pk": 126,
  "fields": {
    "action_time": "2023-12-13T19:06:08.991Z",
    "user": 1,
    "content_type": 9,
    "object_id": "15",
    "object_repr": "Крендель с морской солью",
    "action_flag": 2,
    "change_message": "[{\"changed\": {\"fields\": [\"\\u041e\\u043f\\u0438\\u0441\\u0430\\u043d\\u0438\\u0435\"]}}]"
  }
},
{
  "model": "admin.logentry",
  "pk": 127,
  "fields": {
    "action_time": "2023-12-13T19:06:42.231Z",
    "user": 1,
    "content_type": 9,
    "object_id": "1",
    "object_repr": "Шоколадный пончик",
    "action_flag": 2,
    "change_message": "[{\"changed\": {\"fields\": [\"\\u041e\\u043f\\u0438\\u0441\\u0430\\u043d\\u0438\\u0435\"]}}]"
  }
},
{
  "model": "admin.logentry",
  "pk": 128,
  "fields": {
    "action_time": "2023-12-13T19:06:56.820Z",
    "user": 1,
    "content_type": 9,
    "object_id": "2",
    "object_repr": "Карамельный пончик",
    "action_flag": 2,
    "change_message": "[{\"changed\": {\"fields\": [\"\\u041e\\u043f\\u0438\\u0441\\u0430\\u043d\\u0438\\u0435\"]}}]"
  }
},
{
  "model": "admin.logentry",
  "pk": 129,
  "fields": {
    "action_time": "2023-12-13T19:07:13.800Z",
    "user": 1,
    "content_type": 9,
    "object_id": "3",
    "object_repr": "Пончик с клубникой",
    "action_flag": 2,
    "change_message": "[{\"changed\": {\"fields\": [\"\\u041e\\u043f\\u0438\\u0441\\u0430\\u043d\\u0438\\u0435\"]}}]"
  }
},
{
  "model": "admin.logentry",
  "pk": 130,
  "fields": {
    "action_time": "2023-12-13T19:07:32.222Z",
    "user": 1,
    "content_type": 9,
    "object_id": "2",
    "object_repr": "Карамельный пончик",
    "action_flag": 2,
    "change_message": "[{\"changed\": {\"fields\": [\"\\u041e\\u043f\\u0438\\u0441\\u0430\\u043d\\u0438\\u0435\"]}}]"
  }
},
{
  "model": "admin.logentry",
  "pk": 131,
  "fields": {
    "action_time": "2023-12-13T19:08:10.137Z",
    "user": 1,
    "content_type": 9,
    "object_id": "1",
    "object_repr": "Шоколадный пончик",
    "action_flag": 2,
    "change_message": "[{\"changed\": {\"fields\": [\"\\u0424\\u043e\\u0442\\u043e\"]}}]"
  }
},
{
  "model": "admin.logentry",
  "pk": 132,
  "fields": {
    "action_time": "2023-12-13T19:08:41.184Z",
    "user": 1,
    "content_type": 9,
    "object_id": "2",
    "object_repr": "Карамельный пончик",
    "action_flag": 2,
    "change_message": "[{\"changed\": {\"fields\": [\"\\u0424\\u043e\\u0442\\u043e\"]}}]"
  }
},
{
  "model": "admin.logentry",
  "pk": 133,
  "fields": {
    "action_time": "2023-12-13T19:09:11.503Z",
    "user": 1,
    "content_type": 9,
    "object_id": "3",
    "object_repr": "Пончик с клубникой",
    "action_flag": 2,
    "change_message": "[{\"changed\": {\"fields\": [\"\\u0424\\u043e\\u0442\\u043e\"]}}]"
  }
},
{
  "model": "admin.logentry",
  "pk": 134,
  "fields": {
    "action_time": "2023-12-13T19:09:51.935Z",
    "user": 1,
    "content_type": 9,
    "object_id": "4",
    "object_repr": "Банановый пончик",
    "action_flag": 2,
    "change_message": "[{\"changed\": {\"fields\": [\"\\u041e\\u043f\\u0438\\u0441\\u0430\\u043d\\u0438\\u0435\", \"\\u0424\\u043e\\u0442\\u043e\"]}}]"
  }
},
{
  "model": "admin.logentry",
  "pk": 135,
  "fields": {
    "action_time": "2023-12-13T19:10:10.351Z",
    "user": 1,
    "content_type": 9,
    "object_id": "5",
    "object_repr": "Вишневый кекс",
    "action_flag": 2,
    "change_message": "[{\"changed\": {\"fields\": [\"\\u041e\\u043f\\u0438\\u0441\\u0430\\u043d\\u0438\\u0435\"]}}]"
  }
},
{
  "model": "admin.logentry",
  "pk": 136,
  "fields": {
    "action_time": "2023-12-13T19:10:29.558Z",
    "user": 1,
    "content_type": 9,
    "object_id": "6",
    "object_repr": "Шоколадный кекс с пеканом",
    "action_flag": 2,
    "change_message": "[{\"changed\": {\"fields\": [\"\\u041e\\u043f\\u0438\\u0441\\u0430\\u043d\\u0438\\u0435\"]}}]"
  }
},
{
  "model": "admin.logentry",
  "pk": 137,
  "fields": {
    "action_time": "2023-12-13T19:10:58.120Z",
    "user": 1,
    "content_type": 9,
    "object_id": "7",
    "object_repr": "Шоколадно-карамельный кекс",
    "action_flag": 2,
    "change_message": "[{\"changed\": {\"fields\": [\"\\u041e\\u043f\\u0438\\u0441\\u0430\\u043d\\u0438\\u0435\"]}}]"
  }
},
{
  "model": "admin.logentry",
  "pk": 138,
  "fields": {
    "action_time": "2023-12-13T19:11:10.676Z",
    "user": 1,
    "content_type": 9,
    "object_id": "7",
    "object_repr": "Шоколадно-карамельный кекс",
    "action_flag": 2,
    "change_message": "[{\"changed\": {\"fields\": [\"\\u041e\\u043f\\u0438\\u0441\\u0430\\u043d\\u0438\\u0435\"]}}]"
  }
},
{
  "model": "admin.logentry",
  "pk": 139,
  "fields": {
    "action_time": "2023-12-13T19:11:38.345Z",
    "user": 1,
    "content_type": 9,
    "object_id": "8",
    "object_repr": "Лимонный кекс с голубикой",
    "action_flag": 2,
    "change_message": "[{\"changed\": {\"fields\": [\"\\u041e\\u043f\\u0438\\u0441\\u0430\\u043d\\u0438\\u0435\"]}}]"
  }
},
{
  "model": "admin.logentry",
  "pk": 140,
  "fields": {
    "action_time": "2023-12-13T19:11:50.844Z",
    "user": 1,
    "content_type": 9,
    "object_id": "9",
    "object_repr": "Круассан с малиной",
    "action_flag": 2,
    "change_message": "[{\"changed\": {\"fields\": [\"\\u041e\\u043f\\u0438\\u0441\\u0430\\u043d\\u0438\\u0435\"]}}]"
  }
},
{
  "model": "admin.logentry",
  "pk": 141,
  "fields": {
    "action_time": "2023-12-13T19:12:16.189Z",
    "user": 1,
    "content_type": 9,
    "object_id": "10",
    "object_repr": "Миндальный круассан",
    "action_flag": 2,
    "change_message": "[{\"changed\": {\"fields\": [\"\\u041e\\u043f\\u0438\\u0441\\u0430\\u043d\\u0438\\u0435\"]}}]"
  }
},
{
  "model": "admin.logentry",
  "pk": 142,
  "fields": {
    "action_time": "2023-12-13T19:12:33.448Z",
    "user": 1,
    "content_type": 9,
    "object_id": "11",
    "object_repr": "Круассан с шоколадом",
    "action_flag": 2,
    "change_message": "[{\"changed\": {\"fields\": [\"\\u041e\\u043f\\u0438\\u0441\\u0430\\u043d\\u0438\\u0435\"]}}]"
  }
},
{
  "model": "admin.logentry",
  "pk": 143,
  "fields": {
    "action_time": "2023-12-13T19:12:58.387Z",
    "user": 1,
    "content_type": 9,
    "object_id": "12",
    "object_repr": "Печенье с кусочками шоколада",
    "action_flag": 2,
    "change_message": "[{\"changed\": {\"fields\": [\"\\u041e\\u043f\\u0438\\u0441\\u0430\\u043d\\u0438\\u0435\"]}}]"
  }
},
{
  "model": "admin.logentry",
  "pk": 144,
  "fields": {
    "action_time": "2023-12-13T19:13:30.136Z",
    "user": 1,
    "content_type": 9,
    "object_id": "13",
    "object_repr": "Фисташковое печенье",
    "action_flag": 2,
    "change_message": "[{\"changed\": {\"fields\": [\"\\u041e\\u043f\\u0438\\u0441\\u0430\\u043d\\u0438\\u0435\"]}}]"
  }
},
{
  "model": "admin.logentry",
  "pk": 145,
  "fields": {
    "action_time": "2023-12-13T19:13:59.094Z",
    "user": 1,
    "content_type": 9,
    "object_id": "14",
    "object_repr": "Печенье с вишней в шоколаде",
    "action_flag": 2,
    "change_message": "[{\"changed\": {\"fields\": [\"\\u041e\\u043f\\u0438\\u0441\\u0430\\u043d\\u0438\\u0435\"]}}]"
  }
},
{
  "model": "admin.logentry",
  "pk": 146,
  "fields": {
    "action_time": "2023-12-13T19:14:20.397Z",
    "user": 1,
    "content_type": 9,
    "object_id": "16",
    "object_repr": "Брецель с кунжутом",
    "action_flag": 2,
    "change_message": "[{\"changed\": {\"fields\": [\"\\u041e\\u043f\\u0438\\u0441\\u0430\\u043d\\u0438\\u0435\"]}}]"
  }
},
{
  "model": "admin.logentry",
  "pk": 147,
  "fields": {
    "action_time": "2023-12-13T19:14:52.400Z",
    "user": 1,
    "content_type": 9,
    "object_id": "17",
    "object_repr": "Сладкий крендель",
    "action_flag": 2,
    "change_message": "[{\"changed\": {\"fields\": [\"\\u041e\\u043f\\u0438\\u0441\\u0430\\u043d\\u0438\\u0435\"]}}]"
  }
},
{
  "model": "admin.logentry",
  "pk": 148,
  "fields": {
    "action_time": "2023-12-13T19:15:27.638Z",
    "user": 1,
    "content_type": 9,
    "object_id": "18",
    "object_repr": "Цельнозерновой хлеб",
    "action_flag": 2,
    "change_message": "[{\"changed\": {\"fields\": [\"\\u041e\\u043f\\u0438\\u0441\\u0430\\u043d\\u0438\\u0435\"]}}]"
  }
},
{
  "model": "admin.logentry",
  "pk": 149,
  "fields": {
    "action_time": "2023-12-13T19:15:52.714Z",
    "user": 1,
    "content_type": 9,
    "object_id": "20",
    "object_repr": "Кукурузный хлеб",
    "action_flag": 2,
    "change_message": "[{\"changed\": {\"fields\": [\"\\u041e\\u043f\\u0438\\u0441\\u0430\\u043d\\u0438\\u0435\"]}}]"
  }
},
{
  "model": "admin.logentry",
  "pk": 150,
  "fields": {
    "action_time": "2023-12-13T19:16:17.830Z",
    "user": 1,
    "content_type": 9,
    "object_id": "21",
    "object_repr": "Белый хлеб",
    "action_flag": 2,
    "change_message": "[{\"changed\": {\"fields\": [\"\\u041e\\u043f\\u0438\\u0441\\u0430\\u043d\\u0438\\u0435\"]}}]"
  }
},
{
  "model": "auth.permission",
  "pk": 1,
  "fields": {
    "name": "Can add log entry",
    "content_type": 1,
    "codename": "add_logentry"
  }
},
{
  "model": "auth.permission",
  "pk": 2,
  "fields": {
    "name": "Can change log entry",
    "content_type": 1,
    "codename": "change_logentry"
  }
},
{
  "model": "auth.permission",
  "pk": 3,
  "fields": {
    "name": "Can delete log entry",
    "content_type": 1,
    "codename": "delete_logentry"
  }
},
{
  "model": "auth.permission",
  "pk": 4,
  "fields": {
    "name": "Can view log entry",
    "content_type": 1,
    "codename": "view_logentry"
  }
},
{
  "model": "auth.permission",
  "pk": 5,
  "fields": {
    "name": "Can add permission",
    "content_type": 2,
    "codename": "add_permission"
  }
},
{
  "model": "auth.permission",
  "pk": 6,
  "fields": {
    "name": "Can change permission",
    "content_type": 2,
    "codename": "change_permission"
  }
},
{
  "model": "auth.permission",
  "pk": 7,
  "fields": {
    "name": "Can delete permission",
    "content_type": 2,
    "codename": "delete_permission"
  }
},
{
  "model": "auth.permission",
  "pk": 8,
  "fields": {
    "name": "Can view permission",
    "content_type": 2,
    "codename": "view_permission"
  }
},
{
  "model": "auth.permission",
  "pk": 9,
  "fields": {
    "name": "Can add group",
    "content_type": 3,
    "codename": "add_group"
  }
},
{
  "model": "auth.permission",
  "pk": 10,
  "fields": {
    "name": "Can change group",
    "content_type": 3,
    "codename": "change_group"
  }
},
{
  "model": "auth.permission",
  "pk": 11,
  "fields": {
    "name": "Can delete group",
    "content_type": 3,
    "codename": "delete_group"
  }
},
{
  "model": "auth.permission",
  "pk": 12,
  "fields": {
    "name": "Can view group",
    "content_type": 3,
    "codename": "view_group"
  }
},
{
  "model": "auth.permission",
  "pk": 13,
  "fields": {
    "name": "Can add user",
    "content_type": 4,
    "codename": "add_user"
  }
},
{
  "model": "auth.permission",
  "pk": 14,
  "fields": {
    "name": "Can change user",
    "content_type": 4,
    "codename": "change_user"
  }
},
{
  "model": "auth.permission",
  "pk": 15,
  "fields": {
    "name": "Can delete user",
    "content_type": 4,
    "codename": "delete_user"
  }
},
{
  "model": "auth.permission",
  "pk": 16,
  "fields": {
    "name": "Can view user",
    "content_type": 4,
    "codename": "view_user"
  }
},
{
  "model": "auth.permission",
  "pk": 17,
  "fields": {
    "name": "Can add content type",
    "content_type": 5,
    "codename": "add_contenttype"
  }
},
{
  "model": "auth.permission",
  "pk": 18,
  "fields": {
    "name": "Can change content type",
    "content_type": 5,
    "codename": "change_contenttype"
  }
},
{
  "model": "auth.permission",
  "pk": 19,
  "fields": {
    "name": "Can delete content type",
    "content_type": 5,
    "codename": "delete_contenttype"
  }
},
{
  "model": "auth.permission",
  "pk": 20,
  "fields": {
    "name": "Can view content type",
    "content_type": 5,
    "codename": "view_contenttype"
  }
},
{
  "model": "auth.permission",
  "pk": 21,
  "fields": {
    "name": "Can add session",
    "content_type": 6,
    "codename": "add_session"
  }
},
{
  "model": "auth.permission",
  "pk": 22,
  "fields": {
    "name": "Can change session",
    "content_type": 6,
    "codename": "change_session"
  }
},
{
  "model": "auth.permission",
  "pk": 23,
  "fields": {
    "name": "Can delete session",
    "content_type": 6,
    "codename": "delete_session"
  }
},
{
  "model": "auth.permission",
  "pk": 24,
  "fields": {
    "name": "Can view session",
    "content_type": 6,
    "codename": "view_session"
  }
},
{
  "model": "auth.permission",
  "pk": 25,
  "fields": {
    "name": "Can add Категория",
    "content_type": 7,
    "codename": "add_category"
  }
},
{
  "model": "auth.permission",
  "pk": 26,
  "fields": {
    "name": "Can change Категория",
    "content_type": 7,
    "codename": "change_category"
  }
},
{
  "model": "auth.permission",
  "pk": 27,
  "fields": {
    "name": "Can delete Категория",
    "content_type": 7,
    "codename": "delete_category"
  }
},
{
  "model": "auth.permission",
  "pk": 28,
  "fields": {
    "name": "Can view Категория",
    "content_type": 7,
    "codename": "view_category"
  }
},
{
  "model": "auth.permission",
  "pk": 29,
  "fields": {
    "name": "Can add Ингредиент",
    "content_type": 8,
    "codename": "add_ingredient"
  }
},
{
  "model": "auth.permission",
  "pk": 30,
  "fields": {
    "name": "Can change Ингредиент",
    "content_type": 8,
    "codename": "change_ingredient"
  }
},
{
  "model": "auth.permission",
  "pk": 31,
  "fields": {
    "name": "Can delete Ингредиент",
    "content_type": 8,
    "codename": "delete_ingredient"
  }
},
{
  "model": "auth.permission",
  "pk": 32,
  "fields": {
    "name": "Can view Ингредиент",
    "content_type": 8,
    "codename": "view_ingredient"
  }
},
{
  "model": "auth.permission",
  "pk": 33,
  "fields": {
    "name": "Can add Товар",
    "content_type": 9,
    "codename": "add_product"
  }
},
{
  "model": "auth.permission",
  "pk": 34,
  "fields": {
    "name": "Can change Товар",
    "content_type": 9,
    "codename": "change_product"
  }
},
{
  "model": "auth.permission",
  "pk": 35,
  "fields": {
    "name": "Can delete Товар",
    "content_type": 9,
    "codename": "delete_product"
  }
},
{
  "model": "auth.permission",
  "pk": 36,
  "fields": {
    "name": "Can view Товар",
    "content_type": 9,
    "codename": "view_product"
  }
},
{
  "model": "auth.permission",
  "pk": 37,
  "fields": {
    "name": "Can add Заказ",
    "content_type": 10,
    "codename": "add_order"
  }
},
{
  "model": "auth.permission",
  "pk": 38,
  "fields": {
    "name": "Can change Заказ",
    "content_type": 10,
    "codename": "change_order"
  }
},
{
  "model": "auth.permission",
  "pk": 39,
  "fields": {
    "name": "Can delete Заказ",
    "content_type": 10,
    "codename": "delete_order"
  }
},
{
  "model": "auth.permission",
  "pk": 40,
  "fields": {
    "name": "Can view Заказ",
    "content_type": 10,
    "codename": "view_order"
  }
},
{
  "model": "auth.permission",
  "pk": 41,
  "fields": {
    "name": "Can add Количество товара",
    "content_type": 11,
    "codename": "add_orderproductscount"
  }
},
{
  "model": "auth.permission",
  "pk": 42,
  "fields": {
    "name": "Can change Количество товара",
    "content_type": 11,
    "codename": "change_orderproductscount"
  }
},
{
  "model": "auth.permission",
  "pk": 43,
  "fields": {
    "name": "Can delete Количество товара",
    "content_type": 11,
    "codename": "delete_orderproductscount"
  }
},
{
  "model": "auth.permission",
  "pk": 44,
  "fields": {
    "name": "Can view Количество товара",
    "content_type": 11,
    "codename": "view_orderproductscount"
  }
},
{
  "model": "auth.permission",
  "pk": 45,
  "fields": {
    "name": "Can add Контакты",
    "content_type": 12,
    "codename": "add_contacts"
  }
},
{
  "model": "auth.permission",
  "pk": 46,
  "fields": {
    "name": "Can change Контакты",
    "content_type": 12,
    "codename": "change_contacts"
  }
},
{
  "model": "auth.permission",
  "pk": 47,
  "fields": {
    "name": "Can delete Контакты",
    "content_type": 12,
    "codename": "delete_contacts"
  }
},
{
  "model": "auth.permission",
  "pk": 48,
  "fields": {
    "name": "Can view Контакты",
    "content_type": 12,
    "codename": "view_contacts"
  }
},
{
  "model": "auth.user",
  "pk": 1,
  "fields": {
    "password": "pbkdf2_sha256$600000$ZDF3kSpi0JFO84XzFpAnuI$mvi2JnwO4baqwbUh7Tpt6EG34+JtPTT7tFqRZKKOdGI=",
    "last_login": "2023-12-03T06:50:37.484Z",
    "is_superuser": true,
    "username": "root",
    "first_name": "",
    "last_name": "",
    "email": "",
    "is_staff": true,
    "is_active": true,
    "date_joined": "2023-12-03T06:50:16.225Z",
    "groups": [],
    "user_permissions": []
  }
},
{
  "model": "contenttypes.contenttype",
  "pk": 1,
  "fields": {
    "app_label": "admin",
    "model": "logentry"
  }
},
{
  "model": "contenttypes.contenttype",
  "pk": 2,
  "fields": {
    "app_label": "auth",
    "model": "permission"
  }
},
{
  "model": "contenttypes.contenttype",
  "pk": 3,
  "fields": {
    "app_label": "auth",
    "model": "group"
  }
},
{
  "model": "contenttypes.contenttype",
  "pk": 4,
  "fields": {
    "app_label": "auth",
    "model": "user"
  }
},
{
  "model": "contenttypes.contenttype",
  "pk": 5,
  "fields": {
    "app_label": "contenttypes",
    "model": "contenttype"
  }
},
{
  "model": "contenttypes.contenttype",
  "pk": 6,
  "fields": {
    "app_label": "sessions",
    "model": "session"
  }
},
{
  "model": "contenttypes.contenttype",
  "pk": 7,
  "fields": {
    "app_label": "catalog",
    "model": "category"
  }
},
{
  "model": "contenttypes.contenttype",
  "pk": 8,
  "fields": {
    "app_label": "catalog",
    "model": "ingredient"
  }
},
{
  "model": "contenttypes.contenttype",
  "pk": 9,
  "fields": {
    "app_label": "catalog",
    "model": "product"
  }
},
{
  "model": "contenttypes.contenttype",
  "pk": 10,
  "fields": {
    "app_label": "cart",
    "model": "order"
  }
},
{
  "model": "contenttypes.contenttype",
  "pk": 11,
  "fields": {
    "app_label": "cart",
    "model": "orderproductscount"
  }
},
{
  "model": "contenttypes.contenttype",
  "pk": 12,
  "fields": {
    "app_label": "contacts",
    "model": "contacts"
  }
},
{
  "model": "sessions.session",
  "pk": "6c5fenmbxipifyf20l3mauyvi13h577e",
  "fields": {
    "session_data": ".eJxVjMsOwiAQRf-FtSE8LDAu3fcbyDAMUjU0Ke3K-O_apAvd3nPOfYmI21rj1nmJUxYXocXpd0tID247yHdst1nS3NZlSnJX5EG7HOfMz-vh_h1U7PVbA6WEgEPRZ6csByCl2VPwihRYQGN9GEoio9kaV5zyRUGwSIAlOWbx_gDiqDgM:1r9gJJ:jsaoANgPHGPr3J376BMzKbWfEgPnXYfiKFAGAv-epvI",
    "expire_date": "2023-12-17T06:50:37.492Z"
  }
},
{
  "model": "catalog.product",
  "pk": 1,
  "fields": {
    "name": "Шоколадный пончик",
    "price": 100,
    "description": "Утолите свою тягу к сладкому с помощью нашего шоколадного пончика, посыпанного шоколадной крошкой. Каждый кусочек - это райское наслаждение вкусом шоколада премиум-класса. Побалуйте себя или разделите радость с близкими – закажите прямо сейчас!",
    "photo": "products/chocolate-donut_yNFRiEZ.jpg",
    "weight": 70,
    "calories": 380,
    "category": 1,
    "my_order": 2,
    "ingredients": [
      1,
      2,
      3,
      4
    ]
  }
},
{
  "model": "catalog.product",
  "pk": 2,
  "fields": {
    "name": "Карамельный пончик",
    "price": 110,
    "description": "Насладитесь изысканным вкусом нашего пончика с карамелью. Независимо от того, подаете ли вы его к утреннему кофе или в качестве вечернего угощения, наш карамельный пончик с белым шоколадом и карамельной глазурью гарантирует момент непревзойденного вкуса.",
    "photo": "products/caramel-donut_frv0XdP.jpg",
    "weight": 72,
    "calories": 385,
    "category": 1,
    "my_order": 3,
    "ingredients": [
      1,
      5,
      6,
      7,
      10
    ]
  }
},
{
  "model": "catalog.product",
  "pk": 3,
  "fields": {
    "name": "Пончик с клубникой",
    "price": 90,
    "description": "Ощутите сладость лета с нашим клубничным пончиком. Приготовленный с особой тщательностью, каждый кусочек предлагает идеальное сочетание мягкого, воздушного пончика и восхитительного вкуса спелой клубники. Закажите прямо сейчас!",
    "photo": "products/strawberry-donut_uQlo1qD.jpg",
    "weight": 68,
    "calories": 390,
    "category": 1,
    "my_order": 1,
    "ingredients": [
      1,
      5,
      8,
      9,
      10
    ]
  }
},
{
  "model": "catalog.product",
  "pk": 4,
  "fields": {
    "name": "Банановый пончик",
    "price": 120,
    "description": "Совершите путешествие в тропическое блаженство с нашим банановым пончиком, покрытым яркой желтой глазурью и наполненным вкусом спелых бананов. Солнечно-желтая глазурь и дразнящий вкус банана делают наш пончик восхитительным выбором для тех, кто ищет момент фруктового блаженства.",
    "photo": "products/banana-donut_KKEcfiM.jpg",
    "weight": 75,
    "calories": 376,
    "category": 1,
    "my_order": 4,
    "ingredients": [
      1,
      5,
      8,
      10,
      40
    ]
  }
},
{
  "model": "catalog.product",
  "pk": 5,
  "fields": {
    "name": "Вишневый кекс",
    "price": 50,
    "description": "Насладитесь фруктовым совершенством нашего вишневого кекса – симфонией вкусов с сочной вишневой начинкой, украшенной завитком вишневого крема и сладкой вишенкой сверху. Каждый кусочек - это праздник восхитительного вкуса вишни. Закажите прямо сейчас, чтобы испытать радость от этого вишневого лакомства.",
    "photo": "products/cherry-muffin_Qbi0tYp.jpg",
    "weight": 95,
    "calories": 430,
    "category": 2,
    "my_order": 5,
    "ingredients": [
      1,
      12,
      13,
      14
    ]
  }
},
{
  "model": "catalog.product",
  "pk": 6,
  "fields": {
    "name": "Шоколадный кекс с пеканом",
    "price": 60,
    "description": "Насладитесь настоящим блаженством с нашим шоколадным кексом с роскошной шоколадной начинкой и щедрой посыпкой из хрустящих орехов пекан. Закажите прямо сейчас и насладитесь этим восхитительным творением с добавлением шоколада и орехов пекан.",
    "photo": "products/chocolate-pecan-muffin.jpg",
    "weight": 102,
    "calories": 415,
    "category": 2,
    "my_order": 6,
    "ingredients": [
      1,
      2,
      4,
      14,
      15
    ]
  }
},
{
  "model": "catalog.product",
  "pk": 7,
  "fields": {
    "name": "Шоколадно-карамельный кекс",
    "price": 70,
    "description": "Представляем наш шоколадный кекс с карамелью – роскошное лакомство с карамельной начинкой, покрытое сливочным кремом. Каждый кусочек представляет собой гармоничное сочетание влажного теста, насыщенного шоколада и сладкого очарования бархатистой карамели.",
    "photo": "products/caramel-muffin_3mP2EDe.jpg",
    "weight": 120,
    "calories": 450,
    "category": 2,
    "my_order": 7,
    "ingredients": [
      1,
      4,
      5,
      7,
      14,
      21
    ]
  }
},
{
  "model": "catalog.product",
  "pk": 8,
  "fields": {
    "name": "Лимонный кекс с голубикой",
    "price": 120,
    "description": "Этот восхитительный кекс может похвастаться пикантным вкусом лимона, гармонично сочетающимся с сочностью сочной черники. Каждый кусочек - это праздник свежих, ярких вкусов. Закажите прямо сейчас и побалуйте себя сочетанием пикантного лимона и сочной черники.",
    "photo": "products/lemon-blueberry-muffin.jpg",
    "weight": 90,
    "calories": 407,
    "category": 2,
    "my_order": 8,
    "ingredients": [
      1,
      14,
      17,
      18,
      19
    ]
  }
},
{
  "model": "catalog.product",
  "pk": 9,
  "fields": {
    "name": "Круассан с малиной",
    "price": 120,
    "description": "Представляем наш круассан с малиной – слоеный, маслянистый круассан с терпкой сладостью сочной малины. Закажите прямо сейчас и побалуйте себя изысканной гармонией маслянистого вкуса и сочного очарования малины, создающих момент чистого наслаждения.",
    "photo": "products/raspberry-croiisant.jpg",
    "weight": 70,
    "calories": 316,
    "category": 3,
    "my_order": 9,
    "ingredients": [
      20,
      21,
      22,
      23,
      24,
      25
    ]
  }
},
{
  "model": "catalog.product",
  "pk": 10,
  "fields": {
    "name": "Миндальный круассан",
    "price": 155,
    "description": "Представляем наш круассан с миндальным кремом – слоеный, маслянистый круассан, наполненный сочным миндальным кремом и посыпанный хрустящими миндальными лепестками. Закажите прямо сейчас и побалуйте себя изысканным сочетанием бархатистого миндального крема и миндальных лепестков.",
    "photo": "products/almond-croiisant.jpg",
    "weight": 120,
    "calories": 418,
    "category": 3,
    "my_order": 10,
    "ingredients": [
      20,
      21,
      22,
      23,
      25,
      26,
      27,
      28
    ]
  }
},
{
  "model": "catalog.product",
  "pk": 11,
  "fields": {
    "name": "Круассан с шоколадом",
    "price": 98,
    "description": "Украсьте свой завтрак или перекус нашим круассаном с шоколадной начинкой. Этот круассан представляет собой восхитительный вариант традиционного круассана, создающий симфонию вкусов. Закажите прямо сейчас, чтобы насладиться неотразимым сочетанием маслянистого круассана и сочного шоколада.",
    "photo": "products/chocolate-croiisant.jpg",
    "weight": 70,
    "calories": 370,
    "category": 3,
    "my_order": 11,
    "ingredients": [
      2,
      20,
      21,
      23,
      25,
      26,
      29
    ]
  }
},
{
  "model": "catalog.product",
  "pk": 12,
  "fields": {
    "name": "Печенье с кусочками шоколада",
    "price": 35,
    "description": "Откройте для себя наше печенье с кусочками шоколада – вечную классику американской кухни. Закажите прямо сейчас, чтобы насладиться изысканным сочетанием золотистого печенья и сочной шоколадной крошки, создавая ощущение настоящего домашнего наслаждения.",
    "photo": "products/chocolate-chip-cookies.jpg",
    "weight": 30,
    "calories": 467,
    "category": 4,
    "my_order": 12,
    "ingredients": [
      20,
      21,
      23,
      25,
      26,
      29,
      30
    ]
  }
},
{
  "model": "catalog.product",
  "pk": 13,
  "fields": {
    "name": "Фисташковое печенье",
    "price": 60,
    "description": "Насладитесь изысканным вкусом нашего фисташкового печенья - идеальной гармонией рассыпчатого печенья, щедро посыпанного измельченными фисташковыми орехами. Закажите прямо сейчас и насладитесь совершенством золотистого теста и измельченных фисташек.",
    "photo": "products/pistachio-cookies.jpg",
    "weight": 40,
    "calories": 459,
    "category": 4,
    "my_order": 13,
    "ingredients": [
      20,
      21,
      23,
      27,
      31
    ]
  }
},
{
  "model": "catalog.product",
  "pk": 14,
  "fields": {
    "name": "Печенье с вишней в шоколаде",
    "price": 60,
    "description": "Представляем наше вишневое печенье с шоколадной глазурью. Закажите прямо сейчас, чтобы насладиться изысканным сочетанием совершенства золотистого бисквита, роскошной вишневой начинки и бархатистого очарования шоколадной глазури.",
    "photo": "products/cherry-chocolate-cookies.jpg",
    "weight": 50,
    "calories": 420,
    "category": 4,
    "my_order": 14,
    "ingredients": [
      3,
      12,
      20,
      21,
      23,
      29
    ]
  }
},
{
  "model": "catalog.product",
  "pk": 15,
  "fields": {
    "name": "Крендель с морской солью",
    "price": 70,
    "description": "Насладитесь простотой наших кренделей с морской солью – классический вариант кренделей, щедро посыпанных морской солью высшего качества. Идеально подходящий в качестве пикантной закуски, этот крендель предлагает неподвластную времени изюминку любимого лакомства.",
    "photo": "products/pretzel-with-sea-salt.jpg",
    "weight": 45,
    "calories": 367,
    "category": 5,
    "my_order": 15,
    "ingredients": [
      20,
      21,
      26,
      32
    ]
  }
},
{
  "model": "catalog.product",
  "pk": 16,
  "fields": {
    "name": "Брецель с кунжутом",
    "price": 70,
    "description": "Насладитесь идеальным сочетанием традиций и изысканности с нашим изысканным брецелем, украшенным семенами кунжута. Утолите свою тягу как к ностальгии, так и к инновациям с помощью нашего брецеля с кунжутом – кулинарного шедевра.",
    "photo": "products/bretzel.jpg",
    "weight": 40,
    "calories": 387,
    "category": 5,
    "my_order": 16,
    "ingredients": [
      20,
      21,
      26,
      29,
      33
    ]
  }
},
{
  "model": "catalog.product",
  "pk": 17,
  "fields": {
    "name": "Сладкий крендель",
    "price": 75,
    "description": "Побалуйте себя нашими кренделями, в которых идеально сочетаются соленое и сладкое. Они идеально подходят для перекуса в дороге или для того, чтобы поделиться ими с друзьями. Украсьте свой перекус нашими кренделями с сахаром.",
    "photo": "products/sugar-pretzel.jpg",
    "weight": 42,
    "calories": 322,
    "category": 5,
    "my_order": 17,
    "ingredients": [
      20,
      21,
      23,
      26,
      29
    ]
  }
},
{
  "model": "catalog.product",
  "pk": 18,
  "fields": {
    "name": "Цельнозерновой хлеб",
    "price": 125,
    "description": "Насладитесь полезными свойствами нашего цельнозернового хлеба. Каждый ломтик - это источник клетчатки и питательных веществ. Поджаривается ли он на завтрак или используется для приготовления бутербродов, наш цельнозерновой хлеб - отличный выбор для тех, кто ищет баланс вкуса и хорошего самочувствия.",
    "photo": "products/wholegrain-bread.jpg",
    "weight": 200,
    "calories": 221,
    "category": 6,
    "my_order": 18,
    "ingredients": [
      23,
      29,
      34,
      35,
      36
    ]
  }
},
{
  "model": "catalog.product",
  "pk": 19,
  "fields": {
    "name": "Багет",
    "price": 90,
    "description": "Классический французский багет, запеченный до золотистой корочки. Идеально сочетается с сырами, спредами или подается сам по себе, придавая изысканность любому блюду. Украсьте свои кулинарные творения этим изысканным хлебом ручной работы, идеально подходящим для тех, кто ценит сочетание традиций и здорового питания.",
    "photo": "products/baguette.jpg",
    "weight": 270,
    "calories": 190,
    "category": 6,
    "my_order": 19,
    "ingredients": [
      20,
      23,
      29,
      36,
      37
    ]
  }
},
{
  "model": "catalog.product",
  "pk": 20,
  "fields": {
    "name": "Кукурузный хлеб",
    "price": 94,
    "description": "Универсальный и сытный, наш кукурузный хлеб является восхитительным дополнением к любому блюду. Улучшите свои кулинарные впечатления с помощью нашего неотразимого кукурузного хлеба. Закажите прямо сейчас, чтобы ощутить радость от этого неподвластного времени блюда, доставленного прямо к вашей двери.",
    "photo": "products/cornbread.jpg",
    "weight": 300,
    "calories": 222,
    "category": 6,
    "my_order": 20,
    "ingredients": [
      20,
      29,
      34,
      38
    ]
  }
},
{
  "model": "catalog.product",
  "pk": 21,
  "fields": {
    "name": "Белый хлеб",
    "price": 74,
    "description": "Откройте для себя простое совершенство нашего белого хлеба – вечной классики. Этот хлеб идеально подходит для ежедневного употребления или в качестве основного блюда для любого случая. Украсьте свои блюда вкусом нашего белого хлеба.",
    "photo": "products/white-bread.jpg",
    "weight": 250,
    "calories": 286,
    "category": 6,
    "my_order": 21,
    "ingredients": [
      20,
      23,
      26,
      29,
      39
    ]
  }
},
{
  "model": "catalog.ingredient",
  "pk": 1,
  "fields": {
    "name": "Тесто"
  }
},
{
  "model": "catalog.ingredient",
  "pk": 2,
  "fields": {
    "name": "Шоколадная начинка"
  }
},
{
  "model": "catalog.ingredient",
  "pk": 3,
  "fields": {
    "name": "Шоколадная глазурь"
  }
},
{
  "model": "catalog.ingredient",
  "pk": 4,
  "fields": {
    "name": "Тертое какао"
  }
},
{
  "model": "catalog.ingredient",
  "pk": 5,
  "fields": {
    "name": "Кокосовое масло"
  }
},
{
  "model": "catalog.ingredient",
  "pk": 6,
  "fields": {
    "name": "Белый шоколад"
  }
},
{
  "model": "catalog.ingredient",
  "pk": 7,
  "fields": {
    "name": "Карамель"
  }
},
{
  "model": "catalog.ingredient",
  "pk": 8,
  "fields": {
    "name": "Кондитерская посыпка"
  }
},
{
  "model": "catalog.ingredient",
  "pk": 9,
  "fields": {
    "name": "Клубничная начинка"
  }
},
{
  "model": "catalog.ingredient",
  "pk": 10,
  "fields": {
    "name": "Глазурь"
  }
},
{
  "model": "catalog.ingredient",
  "pk": 11,
  "fields": {
    "name": "Мятная начинка"
  }
},
{
  "model": "catalog.ingredient",
  "pk": 12,
  "fields": {
    "name": "Вишневая начинка"
  }
},
{
  "model": "catalog.ingredient",
  "pk": 13,
  "fields": {
    "name": "Вишневый крем"
  }
},
{
  "model": "catalog.ingredient",
  "pk": 14,
  "fields": {
    "name": "Маргарин"
  }
},
{
  "model": "catalog.ingredient",
  "pk": 15,
  "fields": {
    "name": "Пекан"
  }
},
{
  "model": "catalog.ingredient",
  "pk": 16,
  "fields": {
    "name": "Шоколадная посыпка"
  }
},
{
  "model": "catalog.ingredient",
  "pk": 17,
  "fields": {
    "name": "Голубика"
  }
},
{
  "model": "catalog.ingredient",
  "pk": 18,
  "fields": {
    "name": "Лимонный сок"
  }
},
{
  "model": "catalog.ingredient",
  "pk": 19,
  "fields": {
    "name": "Цедра лимона"
  }
},
{
  "model": "catalog.ingredient",
  "pk": 20,
  "fields": {
    "name": "Пшеничная мука"
  }
},
{
  "model": "catalog.ingredient",
  "pk": 21,
  "fields": {
    "name": "Сливочное масло"
  }
},
{
  "model": "catalog.ingredient",
  "pk": 22,
  "fields": {
    "name": "Кукурузный крахмал"
  }
},
{
  "model": "catalog.ingredient",
  "pk": 23,
  "fields": {
    "name": "Сахар"
  }
},
{
  "model": "catalog.ingredient",
  "pk": 24,
  "fields": {
    "name": "Малина замороженная"
  }
},
{
  "model": "catalog.ingredient",
  "pk": 25,
  "fields": {
    "name": "Молоко пастеризованное"
  }
},
{
  "model": "catalog.ingredient",
  "pk": 26,
  "fields": {
    "name": "Дрожжи хлебопекарные"
  }
},
{
  "model": "catalog.ingredient",
  "pk": 27,
  "fields": {
    "name": "Миндальная мука"
  }
},
{
  "model": "catalog.ingredient",
  "pk": 28,
  "fields": {
    "name": "Миндальные лепестки"
  }
},
{
  "model": "catalog.ingredient",
  "pk": 29,
  "fields": {
    "name": "Соль пищевая"
  }
},
{
  "model": "catalog.ingredient",
  "pk": 30,
  "fields": {
    "name": "Шоколад"
  }
},
{
  "model": "catalog.ingredient",
  "pk": 31,
  "fields": {
    "name": "Ядра ореха фисташки измельченные"
  }
},
{
  "model": "catalog.ingredient",
  "pk": 32,
  "fields": {
    "name": "Соль морская"
  }
},
{
  "model": "catalog.ingredient",
  "pk": 33,
  "fields": {
    "name": "Семена кунжута"
  }
},
{
  "model": "catalog.ingredient",
  "pk": 34,
  "fields": {
    "name": "Цельнозерновая мука"
  }
},
{
  "model": "catalog.ingredient",
  "pk": 35,
  "fields": {
    "name": "Пшеничные отруби"
  }
},
{
  "model": "catalog.ingredient",
  "pk": 36,
  "fields": {
    "name": "Закваска (цельнозерновая мука, вода)"
  }
},
{
  "model": "catalog.ingredient",
  "pk": 37,
  "fields": {
    "name": "Опара пшеничная"
  }
},
{
  "model": "catalog.ingredient",
  "pk": 38,
  "fields": {
    "name": "Крупа кукурузная"
  }
},
{
  "model": "catalog.ingredient",
  "pk": 39,
  "fields": {
    "name": "Подсолнечное масло"
  }
},
{
  "model": "catalog.ingredient",
  "pk": 40,
  "fields": {
    "name": "Банановая начинка"
  }
},
{
  "model": "catalog.category",
  "pk": 1,
  "fields": {
    "name": "Пончики",
    "image": "categories/1_7LxpQu0.png",
    "my_order": 1
  }
},
{
  "model": "catalog.category",
  "pk": 2,
  "fields": {
    "name": "Кексы",
    "image": "categories/2_NGcJxKC.png",
    "my_order": 2
  }
},
{
  "model": "catalog.category",
  "pk": 3,
  "fields": {
    "name": "Круассаны",
    "image": "categories/3_yIzD8XI.png",
    "my_order": 3
  }
},
{
  "model": "catalog.category",
  "pk": 4,
  "fields": {
    "name": "Печенье",
    "image": "categories/4_FXrCtu9.png",
    "my_order": 4
  }
},
{
  "model": "catalog.category",
  "pk": 5,
  "fields": {
    "name": "Крендели",
    "image": "categories/5_tFmxlE7.png",
    "my_order": 5
  }
},
{
  "model": "catalog.category",
  "pk": 6,
  "fields": {
    "name": "Хлеб",
    "image": "categories/6_msuNqdY.png",
    "my_order": 6
  }
},
{
  "model": "cart.order",
  "pk": 1,
  "fields": {
    "name": "Миша",
    "phone": "89999999999",
    "address": "Майкоп",
    "delivery": "Доставка",
    "floor": "2",
    "flat": "22",
    "created_at": "2023-12-13T20:08:15.150Z"
  }
},
{
  "model": "cart.orderproductscount",
  "pk": 1,
  "fields": {
    "order": 1,
    "product": 1,
    "count": 1
  }
},
{
  "model": "contacts.contacts",
  "pk": 1,
  "fields": {
    "phone_number": "+79999999999",
    "vk_link": "https://vk.com/",
    "tg_link": "https://web.telegram.org/"
  }
}
]
